{
  "hash": "2cabd43f",
  "configHash": "31463a59",
  "lockfileHash": "745f72d0",
  "browserHash": "2dca3e3d",
  "optimized": {
    "@angular/core": {
      "src": "../../../../../node_modules/@angular/core/fesm2022/core.mjs",
      "file": "@angular_core.js",
      "fileHash": "d99b39b5",
      "needsInterop": false
    },
    "@angular/platform-browser": {
      "src": "../../../../../node_modules/@angular/platform-browser/fesm2022/platform-browser.mjs",
      "file": "@angular_platform-browser.js",
      "fileHash": "3bb5c8ba",
      "needsInterop": false
    },
    "@angular/router": {
      "src": "../../../../../node_modules/@angular/router/fesm2022/router.mjs",
      "file": "@angular_router.js",
      "fileHash": "2002db5c",
      "needsInterop": false
    }
  },
  "chunks": {
    "chunk-CRIPZOYN": {
      "file": "chunk-CRIPZOYN.js"
    },
    "chunk-WZJTMI35": {
      "file": "chunk-WZJTMI35.js"
    }
  }
}